{"cameraMode":{"drawMode":0,"name":"Shaded","section":"Shading Mode"},"sceneLighting":false,"audioPlay":false,"sceneViewState":{"showFog":true,"showMaterialUpdate":false,"showSkybox":false,"showFlares":true,"showImageEffects":true,"showParticleSystems":true},"in2DMode":false,"pivot":{"x":20.923049926757814,"y":3.0943222045898439,"z":29.62314796447754},"rotation":{"x":0.10282137989997864,"y":0.5219411849975586,"z":-0.062006618827581409,"w":0.8449029922485352},"size":10.0,"orthographic":false}