{"cameraMode":{"drawMode":0,"name":"Shaded","section":"Shading Mode"},"sceneLighting":false,"audioPlay":false,"sceneViewState":{"showFog":true,"showMaterialUpdate":false,"showSkybox":false,"showFlares":true,"showImageEffects":true,"showParticleSystems":true},"in2DMode":false,"pivot":{"x":6.317314147949219,"y":6.732790946960449,"z":12.435537338256836},"rotation":{"x":-0.0008778931223787367,"y":-0.9995430707931519,"z":0.04081065207719803,"w":-0.009799271821975708},"size":8.585919380187989,"orthographic":false}