{"cameraMode":{"drawMode":0,"name":"Shaded","section":"Shading Mode"},"sceneLighting":false,"audioPlay":false,"sceneViewState":{"showFog":true,"showMaterialUpdate":false,"showSkybox":false,"showFlares":true,"showImageEffects":true,"showParticleSystems":true},"in2DMode":false,"pivot":{"x":-1.0667973756790162,"y":0.3134884834289551,"z":1.0810132026672364},"rotation":{"x":0.020397137850522996,"y":0.9669038653373718,"z":-0.08139870315790177,"w":0.24153000116348267},"size":0.29151469469070437,"orthographic":false}